‰®Oiμ‚Θ‚µj,out1
‰®Oiμ‚ ‚θj,out2
‰®“ΰ,in
X,mori
“΄A,dokutsu
Rx,sangaku
”—ν_Π,hakurei
–³‰’Λ,muenzuka
–¶‚ΜΞ,mizuumi
•X‚Μ“΄A,korinodokutsu
g–‚Ω,komakan
}‘Ω,tosyokan
–½@›,myorenji
‘εβJ•_,daisibyo
_—μ•_,sinreibyo
–ΐ‚Ά‚Μ’|—Ρ,chikurin
‰i‰“’ΰ,eientei
‚ΜC,tsukinoumi
Ί•‚Μ‘ς,genbunosawa
O“r‚Μμ,sanzunokawa
“V‹η‚Μ—Ά,tengunosato
η–ξ_Π,moriyajinja
η–ξ_Π— Ξ,suwako
R‚Μ”p‘Ί,haison
R‚Μ”pΠ(‰®“ΰ),haikyo
”p—mΩ,haiyokan
‹“s,kyuto
’n—μ“a,chiireiden
ά”M’n–Υ’n,syakunetsu
Τ‡ς’n‰ΊƒZƒ“ƒ^[,kanketsusen
—ι—–”¨,suzuran
‘Ύ—z‚Μ”¨,taiyo
–‚E,makai
ƒpƒ“ƒfƒ‚ƒjƒEƒ€,pandemonium
—H–»‹E,yumeikekkai
–»E,meikai
“VE,tenkai
–¶‚ΜΞΞγ,kirinokojo
Δv‚Μ“Ή,saisi
l—Ά,hitozato
–½@›“ΰ•”,myorenjiIn
•ζ’n,boti
ƒpƒ“ƒfƒ‚ƒjƒEƒ€(_γY),pandemonium2
—mΊ,yousitu
•XαΆE,hyosetu
¶–²E,genmukai
–²‚ΜΆE,yumenosekai
‚Ι‚Ζ‚θ‚Μ‰Ζ,nitori
‹Pjι,kisinjo
‹Pjι‹t‚³,kisinjogyaku
_—μ•_“ΰ•”,sinnreibyonaibu
Όs—d,saigyoayakasi
”’‹ΚO,hakugyokuro
”’‹ΚOK’i,hakugyokurokaidan
’n–,jigoku
•‘“¬‰ο,butokai
•‘“¬‰ο’n’κ,butokaichitei
–²¶Ω,mugenkan
‚Μ“s,tsukinomiyako
–²¶ΆE,mugensekai
–²¶ΆE2,mugensekai2
